person_id,legal_name_canonical,legal_name_variants,date_of_birth,nationality,pep_status,sanctions_screening_state,last_kyc_refresh
P-001,Person 001,Person 001|P001 Alias,1980-02-15,GB,none,clear,2026-05-01T00:00:00Z
P-002,Person 002,Person 002|P002 Alias,1980-03-15,DE,none,clear,2026-05-01T00:00:00Z
P-003,Person 003,Person 003|P003 Alias,1980-04-15,KY,none,clear,2026-05-01T00:00:00Z
P-004,Person 004,Person 004|P004 Alias,1980-05-15,VG,none,clear,2026-05-01T00:00:00Z
P-005,Person 005,Person 005|P005 Alias,1980-06-15,US,none,clear,2026-05-01T00:00:00Z
P-006,Person 006,Person 006|P006 Alias,1980-07-15,GB,none,clear,2026-05-01T00:00:00Z
P-007,Person 007,Person 007|P007 Alias,1980-08-15,DE,none,clear,2026-05-01T00:00:00Z
P-008,Person 008,Person 008|P008 Alias,1980-09-15,KY,none,clear,2026-05-01T00:00:00Z
P-009,Person 009,Person 009|P009 Alias,1980-10-15,VG,none,clear,2026-05-01T00:00:00Z
P-010,Person 010,Person 010|P010 Alias,1980-11-15,US,none,clear,2026-05-01T00:00:00Z
P-011,Person 011,Person 011|P011 Alias,1980-12-15,GB,none,clear,2026-05-01T00:00:00Z
P-012,Person 012,Person 012|P012 Alias,1980-01-15,DE,none,clear,2026-05-01T00:00:00Z
P-013,Person 013,Person 013|P013 Alias,1980-02-15,KY,none,clear,2026-05-01T00:00:00Z
P-014,Person 014,Person 014|P014 Alias,1980-03-15,VG,none,clear,2026-05-01T00:00:00Z
P-015,Person 015,Person 015|P015 Alias,1980-04-15,US,none,clear,2026-05-01T00:00:00Z
P-016,Person 016,Person 016|P016 Alias,1980-05-15,GB,none,clear,2026-05-01T00:00:00Z
P-017,Person 017,Person 017|P017 Alias,1980-06-15,DE,none,clear,2026-05-01T00:00:00Z
P-018,Person 018,Person 018|P018 Alias,1980-07-15,KY,none,clear,2026-05-01T00:00:00Z
P-019,Person 019,Person 019|P019 Alias,1980-08-15,VG,none,clear,2026-05-01T00:00:00Z
P-020,Person 020,Person 020|P020 Alias,1980-09-15,US,none,clear,2026-05-01T00:00:00Z
P-021,Person 021,Person 021|P021 Alias,1980-10-15,GB,none,clear,2026-05-01T00:00:00Z
P-022,Person 022,Person 022|P022 Alias,1980-11-15,DE,none,clear,2026-05-01T00:00:00Z
P-023,Person 023,Person 023|P023 Alias,1980-12-15,KY,none,clear,2026-05-01T00:00:00Z
P-024,Person 024,Person 024|P024 Alias,1980-01-15,VG,none,clear,2026-05-01T00:00:00Z
P-025,Person 025,Person 025|P025 Alias,1980-02-15,US,none,clear,2026-05-01T00:00:00Z
P-026,Person 026,Person 026|P026 Alias,1980-03-15,GB,none,clear,2026-05-01T00:00:00Z
P-027,Person 027,Person 027|P027 Alias,1980-04-15,DE,none,clear,2026-05-01T00:00:00Z
P-028,Person 028,Person 028|P028 Alias,1980-05-15,KY,none,clear,2026-05-01T00:00:00Z
P-029,Person 029,Person 029|P029 Alias,1980-06-15,VG,none,clear,2026-05-01T00:00:00Z
P-030,Person 030,Person 030|P030 Alias,1980-07-15,US,none,clear,2026-05-01T00:00:00Z
P-031,Person 031,Person 031|P031 Alias,1980-08-15,GB,none,clear,2026-05-01T00:00:00Z
P-032,Person 032,Person 032|P032 Alias,1980-09-15,DE,none,clear,2026-05-01T00:00:00Z
P-033,Person 033,Person 033|P033 Alias,1980-10-15,KY,none,clear,2026-05-01T00:00:00Z
P-034,Person 034,Person 034|P034 Alias,1980-11-15,VG,none,clear,2026-05-01T00:00:00Z
P-035,Person 035,Person 035|P035 Alias,1980-12-15,US,none,clear,2026-05-01T00:00:00Z
P-036,Person 036,Person 036|P036 Alias,1980-01-15,GB,none,clear,2026-05-01T00:00:00Z
P-037,Person 037,Person 037|P037 Alias,1980-02-15,DE,none,clear,2026-05-01T00:00:00Z
P-038,Person 038,Person 038|P038 Alias,1980-03-15,KY,none,clear,2026-05-01T00:00:00Z
P-039,Person 039,Person 039|P039 Alias,1980-04-15,VG,none,clear,2026-05-01T00:00:00Z
P-040,Person 040,Person 040|P040 Alias,1980-05-15,US,none,clear,2026-05-01T00:00:00Z
P-041,Person 041,Person 041|P041 Alias,1980-06-15,GB,none,clear,2026-05-01T00:00:00Z
P-042,Person 042,Person 042|P042 Alias,1980-07-15,DE,none,clear,2026-05-01T00:00:00Z
P-043,Person 043,Person 043|P043 Alias,1980-08-15,KY,none,clear,2026-05-01T00:00:00Z
P-044,Person 044,Person 044|P044 Alias,1980-09-15,VG,none,clear,2026-05-01T00:00:00Z
P-045,Person 045,Person 045|P045 Alias,1980-10-15,US,none,clear,2026-05-01T00:00:00Z
P-046,Person 046,Person 046|P046 Alias,1980-11-15,GB,none,clear,2026-05-01T00:00:00Z
P-047,Person 047,Person 047|P047 Alias,1980-12-15,DE,none,clear,2026-05-01T00:00:00Z
P-048,Person 048,Person 048|P048 Alias,1980-01-15,KY,none,clear,2026-05-01T00:00:00Z
P-049,Person 049,Person 049|P049 Alias,1980-02-15,VG,none,clear,2026-05-01T00:00:00Z
P-050,Person 050,Person 050|P050 Alias,1980-03-15,US,none,clear,2026-05-01T00:00:00Z
P-051,Person 051,Person 051|P051 Alias,1980-04-15,GB,none,clear,2026-05-01T00:00:00Z
P-052,Person 052,Person 052|P052 Alias,1980-05-15,DE,none,clear,2026-05-01T00:00:00Z
P-053,Person 053,Person 053|P053 Alias,1980-06-15,KY,none,clear,2026-05-01T00:00:00Z
P-054,Person 054,Person 054|P054 Alias,1980-07-15,VG,none,clear,2026-05-01T00:00:00Z
P-055,Person 055,Person 055|P055 Alias,1980-08-15,US,none,clear,2026-05-01T00:00:00Z
P-056,Person 056,Person 056|P056 Alias,1980-09-15,GB,none,clear,2026-05-01T00:00:00Z
P-057,Person 057,Person 057|P057 Alias,1980-10-15,DE,none,clear,2026-05-01T00:00:00Z
P-058,Person 058,Person 058|P058 Alias,1980-11-15,KY,none,clear,2026-05-01T00:00:00Z
P-059,Person 059,Person 059|P059 Alias,1980-12-15,VG,none,clear,2026-05-01T00:00:00Z
P-060,Person 060,Person 060|P060 Alias,1980-01-15,US,none,clear,2026-05-01T00:00:00Z
P-061,Person 061,Person 061|P061 Alias,1980-02-15,GB,none,clear,2026-05-01T00:00:00Z
P-062,Person 062,Person 062|P062 Alias,1980-03-15,DE,none,clear,2026-05-01T00:00:00Z
P-063,Person 063,Person 063|P063 Alias,1980-04-15,KY,none,clear,2026-05-01T00:00:00Z
P-064,Person 064,Person 064|P064 Alias,1980-05-15,VG,none,clear,2026-05-01T00:00:00Z
P-065,Person 065,Person 065|P065 Alias,1980-06-15,US,none,clear,2026-05-01T00:00:00Z
P-066,Person 066,Person 066|P066 Alias,1980-07-15,GB,none,clear,2026-05-01T00:00:00Z
P-067,Person 067,Person 067|P067 Alias,1980-08-15,DE,none,clear,2026-05-01T00:00:00Z
P-068,Person 068,Person 068|P068 Alias,1980-09-15,KY,none,clear,2026-05-01T00:00:00Z
P-069,Person 069,Person 069|P069 Alias,1980-10-15,VG,none,clear,2026-05-01T00:00:00Z
P-070,Person 070,Person 070|P070 Alias,1980-11-15,US,none,clear,2026-05-01T00:00:00Z
P-071,Person 071,Person 071|P071 Alias,1980-12-15,GB,none,clear,2026-05-01T00:00:00Z
P-072,Person 072,Person 072|P072 Alias,1980-01-15,DE,none,clear,2026-05-01T00:00:00Z
P-073,Person 073,Person 073|P073 Alias,1980-02-15,KY,none,clear,2026-05-01T00:00:00Z
P-074,Person 074,Person 074|P074 Alias,1980-03-15,VG,none,clear,2026-05-01T00:00:00Z
P-075,Person 075,Person 075|P075 Alias,1980-04-15,US,none,clear,2026-05-01T00:00:00Z
P-076,Person 076,Person 076|P076 Alias,1980-05-15,GB,none,clear,2026-05-01T00:00:00Z
P-077,Person 077,Person 077|P077 Alias,1980-06-15,DE,none,clear,2026-05-01T00:00:00Z
P-078,Person 078,Person 078|P078 Alias,1980-07-15,KY,none,clear,2026-05-01T00:00:00Z
P-079,Person 079,Person 079|P079 Alias,1980-08-15,VG,none,clear,2026-05-01T00:00:00Z
P-080,Person 080,Person 080|P080 Alias,1980-09-15,US,none,clear,2026-05-01T00:00:00Z
P-081,Person 081,Person 081|P081 Alias,1980-10-15,GB,none,clear,2026-05-01T00:00:00Z
P-082,Person 082,Person 082|P082 Alias,1980-11-15,DE,none,clear,2026-05-01T00:00:00Z
P-083,Person 083,Person 083|P083 Alias,1980-12-15,KY,none,clear,2026-05-01T00:00:00Z
P-084,Person 084,Person 084|P084 Alias,1980-01-15,VG,none,clear,2026-05-01T00:00:00Z
P-085,Person 085,Person 085|P085 Alias,1980-02-15,US,none,clear,2026-05-01T00:00:00Z
P-086,Person 086,Person 086|P086 Alias,1980-03-15,GB,none,clear,2026-05-01T00:00:00Z
P-087,Person 087,Person 087|P087 Alias,1980-04-15,DE,none,clear,2026-05-01T00:00:00Z
P-088,Person 088,Person 088|P088 Alias,1980-05-15,KY,none,clear,2026-05-01T00:00:00Z
P-089,Person 089,Person 089|P089 Alias,1980-06-15,VG,none,clear,2026-05-01T00:00:00Z
P-090,Person 090,Person 090|P090 Alias,1980-07-15,US,none,clear,2026-05-01T00:00:00Z
P-091,Person 091,Person 091|P091 Alias,1980-08-15,GB,none,clear,2026-05-01T00:00:00Z
P-092,Person 092,Person 092|P092 Alias,1980-09-15,DE,none,clear,2026-05-01T00:00:00Z
P-093,Person 093,Person 093|P093 Alias,1980-10-15,KY,none,clear,2026-05-01T00:00:00Z
P-094,Person 094,Person 094|P094 Alias,1980-11-15,VG,none,clear,2026-05-01T00:00:00Z
P-095,Person 095,Person 095|P095 Alias,1980-12-15,US,none,clear,2026-05-01T00:00:00Z
P-096,Person 096,Person 096|P096 Alias,1980-01-15,GB,none,clear,2026-05-01T00:00:00Z
P-097,Person 097,Person 097|P097 Alias,1980-02-15,DE,none,clear,2026-05-01T00:00:00Z
P-098,Person 098,Person 098|P098 Alias,1980-03-15,KY,none,clear,2026-05-01T00:00:00Z
P-099,Person 099,Person 099|P099 Alias,1980-04-15,VG,none,clear,2026-05-01T00:00:00Z
P-100,Person 100,Person 100|P100 Alias,1980-05-15,US,none,clear,2026-05-01T00:00:00Z
P-101,Person 101,Person 101|P101 Alias,1980-06-15,GB,none,clear,2026-05-01T00:00:00Z
P-102,Person 102,Person 102|P102 Alias,1980-07-15,DE,none,clear,2026-05-01T00:00:00Z
P-103,Person 103,Person 103|P103 Alias,1980-08-15,KY,none,clear,2026-05-01T00:00:00Z
P-104,Person 104,Person 104|P104 Alias,1980-09-15,VG,none,clear,2026-05-01T00:00:00Z
P-105,Person 105,Person 105|P105 Alias,1980-10-15,US,none,clear,2026-05-01T00:00:00Z
P-106,Person 106,Person 106|P106 Alias,1980-11-15,GB,none,clear,2026-05-01T00:00:00Z
P-107,Person 107,Person 107|P107 Alias,1980-12-15,DE,none,clear,2026-05-01T00:00:00Z
P-108,Person 108,Person 108|P108 Alias,1980-01-15,KY,none,clear,2026-05-01T00:00:00Z
P-109,Person 109,Person 109|P109 Alias,1980-02-15,VG,none,clear,2026-05-01T00:00:00Z
P-110,Person 110,Person 110|P110 Alias,1980-03-15,US,none,clear,2026-05-01T00:00:00Z
P-111,Person 111,Person 111|P111 Alias,1980-04-15,GB,none,clear,2026-05-01T00:00:00Z
P-112,Person 112,Person 112|P112 Alias,1980-05-15,DE,none,clear,2026-05-01T00:00:00Z
P-113,Person 113,Person 113|P113 Alias,1980-06-15,KY,none,clear,2026-05-01T00:00:00Z
P-114,Person 114,Person 114|P114 Alias,1980-07-15,VG,none,clear,2026-05-01T00:00:00Z
P-115,Person 115,Person 115|P115 Alias,1980-08-15,US,none,clear,2026-05-01T00:00:00Z
P-116,Person 116,Person 116|P116 Alias,1980-09-15,GB,none,clear,2026-05-01T00:00:00Z
P-117,Person 117,Person 117|P117 Alias,1980-10-15,DE,none,clear,2026-05-01T00:00:00Z
P-118,Person 118,Person 118|P118 Alias,1980-11-15,KY,none,clear,2026-05-01T00:00:00Z
P-119,Person 119,Person 119|P119 Alias,1980-12-15,VG,none,clear,2026-05-01T00:00:00Z
P-120,Person 120,Person 120|P120 Alias,1980-01-15,US,none,clear,2026-05-01T00:00:00Z
